Workbook

Sheet 到客户
A1: 客户名称 | B1: 产品1 | C1: 产品2 | D1: 产品3 | E1: 产品4 | F1: 合计

Sheet 到门店
A1: 门店名称 | B1: 产品1 | C1: 产品2 | D1: 产品3 | E1: 产品4 | F1: 合计

Sheet 门店通报用
A1: 门店名称 | B1: 导购 | C1: 督导 | D1: 畅享 90 Plus | K1: 畅享 90 Pro Max
D2: 首销日目标 | E2: 首销日达成 | F2: 首销日达成率 | G2: 首销5天目标 | H2: 首销5天达成 | I2: 首销5天达成率 | J2: 首销月 | K2: 首销日目标 | L2: 首销日达成 | M2: 首销日达成率 | N2: 首销5天目标 | O2: 首销5天达成 | P2: 首销5天达成率 | Q2: 首销月
A3: 曲靖市宣威市联启通讯智能家居店 | B3: 张必然 | C3: 包月秀 | D3: 2 | E3: =_xlfn.XLOOKUP(A3, 到门店!A:A, 到门店!B:B) -> #N/A | F3: =E3/D3 -> #N/A | G3: 5 | H3: =_xlfn.XLOOKUP(A3, 到门店!A:A, 到门店!B:B) -> #N/A | I3: =H3/G3 -> #N/A | J3: 26 | K3: 2 | L3: =_xlfn.XLOOKUP(A3, 到门店!A:A, 到门店!C:C) -> #N/A | M3: =L3/K3 -> #N/A | N3: 4 | O3: =_xlfn.XLOOKUP(A3, 到门店!A:A, 到门店!C:C) -> #N/A | P3: =O3/N3 -> #N/A | Q3: 25
A4: 曲靖市宣威市联启通讯建设西路12分店 | B4: 周然 | C4: 包月秀 | D4: 2 | E4: =_xlfn.XLOOKUP(A4, 到门店!A:A, 到门店!B:B) -> #N/A | F4: =E4/D4 -> #N/A | G4: 4 | H4: =_xlfn.XLOOKUP(A4, 到门店!A:A, 到门店!B:B) -> #N/A | I4: =H4/G4 -> #N/A | J4: 24 | K4: 3 | L4: =_xlfn.XLOOKUP(A4, 到门店!A:A, 到门店!C:C) -> #N/A | M4: =L4/K4 -> #N/A | N4: 7 | O4: =_xlfn.XLOOKUP(A4, 到门店!A:A, 到门店!C:C) -> #N/A | P4: =O4/N4 -> #N/A | Q4: 40
A5: 曲靖市宣威市建设西路联启通讯合作店 | B5: / | C5: 包月秀 | D5: 2 | E5: =_xlfn.XLOOKUP(A5, 到门店!A:A, 到门店!B:B) -> #N/A | F5: =E5/D5 -> #N/A | G5: 4 | H5: =_xlfn.XLOOKUP(A5, 到门店!A:A, 到门店!B:B) -> #N/A | I5: =H5/G5 -> #N/A | J5: 24 | K5: 1 | L5: =_xlfn.XLOOKUP(A5, 到门店!A:A, 到门店!C:C) -> #N/A | M5: =L5/K5 -> #N/A | N5: 3 | O5: =_xlfn.XLOOKUP(A5, 到门店!A:A, 到门店!C:C) -> #N/A | P5: =O5/N5 -> #N/A | Q5: 17
A6: 曲靖市宣威市联启通讯建设西路13分店 | C6: 包月秀 | D6: 2 | E6: =_xlfn.XLOOKUP(A6, 到门店!A:A, 到门店!B:B) -> #N/A | F6: =E6/D6 -> #N/A | G6: 4 | H6: =_xlfn.XLOOKUP(A6, 到门店!A:A, 到门店!B:B) -> #N/A | I6: =H6/G6 -> #N/A | J6: 21 | K6: 1 | L6: =_xlfn.XLOOKUP(A6, 到门店!A:A, 到门店!C:C) -> #N/A | M6: =L6/K6 -> #N/A | N6: 3 | O6: =_xlfn.XLOOKUP(A6, 到门店!A:A, 到门店!C:C) -> #N/A | P6: =O6/N6 -> #N/A | Q6: 21
A7: 曲靖市宣威市联启通讯振兴街总店 | B7: 陈永鹏 | C7: 包月秀 | D7: 1 | E7: =_xlfn.XLOOKUP(A7, 到门店!A:A, 到门店!B:B) -> #N/A | F7: =E7/D7 -> #N/A | G7: 3 | H7: =_xlfn.XLOOKUP(A7, 到门店!A:A, 到门店!B:B) -> #N/A | I7: =H7/G7 -> #N/A | J7: 17 | K7: 3 | L7: =_xlfn.XLOOKUP(A7, 到门店!A:A, 到门店!C:C) -> #N/A | M7: =L7/K7 -> #N/A | N7: 7 | O7: =_xlfn.XLOOKUP(A7, 到门店!A:A, 到门店!C:C) -> #N/A | P7: =O7/N7 -> #N/A | Q7: 41
A8: 曲靖市沾益区联启通讯西平路店 | B8: 赵蜜 | C8: 包月秀 | D8: 1 | E8: =_xlfn.XLOOKUP(A8, 到门店!A:A, 到门店!B:B) -> #N/A | F8: =E8/D8 -> #N/A | G8: 3 | H8: =_xlfn.XLOOKUP(A8, 到门店!A:A, 到门店!B:B) -> #N/A | I8: =H8/G8 -> #N/A | J8: 15 | K8: 2 | L8: =_xlfn.XLOOKUP(A8, 到门店!A:A, 到门店!C:C) -> #N/A | M8: =L8/K8 -> #N/A | N8: 4 | O8: =_xlfn.XLOOKUP(A8, 到门店!A:A, 到门店!C:C) -> #N/A | P8: =O8/N8 -> #N/A | Q8: 27
A9: 曲靖市沾益区联启通讯龙华北路店 | B9: / | C9: 包月秀 | D9: 1 | E9: =_xlfn.XLOOKUP(A9, 到门店!A:A, 到门店!B:B) -> #N/A | F9: =E9/D9 -> #N/A | G9: 3 | H9: =_xlfn.XLOOKUP(A9, 到门店!A:A, 到门店!B:B) -> #N/A | I9: =H9/G9 -> #N/A | J9: 14 | K9: 2 | L9: =_xlfn.XLOOKUP(A9, 到门店!A:A, 到门店!C:C) -> #N/A | M9: =L9/K9 -> #N/A | N9: 5 | O9: =_xlfn.XLOOKUP(A9, 到门店!A:A, 到门店!C:C) -> #N/A | P9: =O9/N9 -> #N/A | Q9: 31
A10: 云南省曲靖市宣威市建设街联启华为授权体验店 | B10: / | C10: 包月秀 | D10: 3 | E10: =_xlfn.XLOOKUP(A10, 到门店!A:A, 到门店!B:B) -> #N/A | F10: =E10/D10 -> #N/A | G10: 8 | H10: =_xlfn.XLOOKUP(A10, 到门店!A:A, 到门店!B:B) -> #N/A | I10: =H10/G10 -> #N/A | J10: 36 | K10: 2 | L10: =_xlfn.XLOOKUP(A10, 到门店!A:A, 到门店!C:C) -> #N/A | M10: =L10/K10 -> #N/A | N10: 6 | O10: =_xlfn.XLOOKUP(A10, 到门店!A:A, 到门店!C:C) -> #N/A | P10: =O10/N10 -> #N/A | Q10: 32
A11: 云南省曲靖市沾益区龙华北路联启华为授权体验店 | B11: / | C11: 包月秀 | D11: 1 | E11: =_xlfn.XLOOKUP(A11, 到门店!A:A, 到门店!B:B) -> #N/A | F11: =E11/D11 -> #N/A | G11: 4 | H11: =_xlfn.XLOOKUP(A11, 到门店!A:A, 到门店!B:B) -> #N/A | I11: =H11/G11 -> #N/A | J11: 19 | K11: 1 | L11: =_xlfn.XLOOKUP(A11, 到门店!A:A, 到门店!C:C) -> #N/A | M11: =L11/K11 -> #N/A | N11: 3 | O11: =_xlfn.XLOOKUP(A11, 到门店!A:A, 到门店!C:C) -> #N/A | P11: =O11/N11 -> #N/A | Q11: 16
A12: 合计 | D12: =SUM(D3:D11) -> 15 | E12: =SUM(E3:E11) -> #N/A | F12: =E12/D12 -> #N/A | G12: =SUM(G3:G11) -> 38 | H12: =SUM(H3:H11) -> #N/A | I12: =H12/G12 -> #N/A | J12: =SUM(J3:J11) -> 196 | K12: =SUM(K3:K11) -> 17 | L12: =SUM(L3:L11) -> #N/A | M12: =L12/K12 -> #N/A | N12: =SUM(N3:N11) -> 42 | O12: =SUM(O3:O11) -> #N/A | P12: =O12/N12 -> #N/A | Q12: =SUM(Q3:Q11) -> 250
A13: 曲靖市宣威市沃尔玛商业街荣诚通讯合作店 | C13: 王瑜 | D13: 1 | E13: =_xlfn.XLOOKUP(A13, 到门店!A:A, 到门店!B:B) -> #N/A | F13: =E13/D13 -> #N/A | G13: 2 | H13: =_xlfn.XLOOKUP(A13, 到门店!A:A, 到门店!B:B) -> #N/A | I13: =H13/G13 -> #N/A | J13: 9 | K13: 0 | L13: =_xlfn.XLOOKUP(A13, 到门店!A:A, 到门店!C:C) -> #N/A | M13: =L13/K13 -> #N/A | N13: 1 | O13: =_xlfn.XLOOKUP(A13, 到门店!A:A, 到门店!C:C) -> #N/A | P13: =O13/N13 -> #N/A | Q13: 5
A14: 云南省曲靖市宣威市振兴街同文华为授权体验店 | C14: 王瑜 | D14: 2 | E14: =_xlfn.XLOOKUP(A14, 到门店!A:A, 到门店!B:B) -> #N/A | F14: =E14/D14 -> #N/A | G14: 4 | H14: =_xlfn.XLOOKUP(A14, 到门店!A:A, 到门店!B:B) -> #N/A | I14: =H14/G14 -> #N/A | J14: 19 | K14: 1 | L14: =_xlfn.XLOOKUP(A14, 到门店!A:A, 到门店!C:C) -> #N/A | M14: =L14/K14 -> #N/A | N14: 3 | O14: =_xlfn.XLOOKUP(A14, 到门店!A:A, 到门店!C:C) -> #N/A | P14: =O14/N14 -> #N/A | Q14: 18
A15: 曲靖市宣威市大众通讯振兴街店 | B15: 马举川 | C15: 王瑜 | D15: 4 | E15: =_xlfn.XLOOKUP(A15, 到门店!A:A, 到门店!B:B) -> #N/A | F15: =E15/D15 -> #N/A | G15: 10 | H15: =_xlfn.XLOOKUP(A15, 到门店!A:A, 到门店!B:B) -> #N/A | I15: =H15/G15 -> #N/A | J15: 53 | K15: 2 | L15: =_xlfn.XLOOKUP(A15, 到门店!A:A, 到门店!C:C) -> #N/A | M15: =L15/K15 -> #N/A | N15: 5 | O15: =_xlfn.XLOOKUP(A15, 到门店!A:A, 到门店!C:C) -> #N/A | P15: =O15/N15 -> #N/A | Q15: 31
A16: 云南省宣威市九机网1店 | B16: 刘博 | C16: 王瑜 | D16: 2 | E16: =_xlfn.XLOOKUP(A16, 到门店!A:A, 到门店!B:B) -> #N/A | F16: =E16/D16 -> #N/A | G16: 6 | H16: =_xlfn.XLOOKUP(A16, 到门店!A:A, 到门店!B:B) -> #N/A | I16: =H16/G16 -> #N/A | J16: 32 | K16: 1 | L16: =_xlfn.XLOOKUP(A16, 到门店!A:A, 到门店!C:C) -> #N/A | M16: =L16/K16 -> #N/A | N16: 2 | O16: =_xlfn.XLOOKUP(A16, 到门店!A:A, 到门店!C:C) -> #N/A | P16: =O16/N16 -> #N/A | Q16: 11
A17: 曲靖市宣威振兴街大众通讯2分店 | B17: 钱彩艳 | C17: 王瑜 | D17: 2 | E17: =_xlfn.XLOOKUP(A17, 到门店!A:A, 到门店!B:B) -> #N/A | F17: =E17/D17 -> #N/A | G17: 5 | H17: =_xlfn.XLOOKUP(A17, 到门店!A:A, 到门店!B:B) -> #N/A | I17: =H17/G17 -> #N/A | J17: 28 | K17: 1 | L17: =_xlfn.XLOOKUP(A17, 到门店!A:A, 到门店!C:C) -> #N/A | M17: =L17/K17 -> #N/A | N17: 2 | O17: =_xlfn.XLOOKUP(A17, 到门店!A:A, 到门店!C:C) -> #N/A | P17: =O17/N17 -> #N/A | Q17: 14
A18: 曲靖宣威市文昌通讯振兴中路二楼总店 | C18: 王瑜 | D18: 1 | E18: =_xlfn.XLOOKUP(A18, 到门店!A:A, 到门店!B:B) -> #N/A | F18: =E18/D18 -> #N/A | G18: 3 | H18: =_xlfn.XLOOKUP(A18, 到门店!A:A, 到门店!B:B) -> #N/A | I18: =H18/G18 -> #N/A | J18: 14 | K18: 1 | L18: =_xlfn.XLOOKUP(A18, 到门店!A:A, 到门店!C:C) -> #N/A | M18: =L18/K18 -> #N/A | N18: 2 | O18: =_xlfn.XLOOKUP(A18, 到门店!A:A, 到门店!C:C) -> #N/A | P18: =O18/N18 -> #N/A | Q18: 10
A19: 云南省宣威市九机网2店 | C19: 王瑜 | D19: 1 | E19: =_xlfn.XLOOKUP(A19, 到门店!A:A, 到门店!B:B) -> #N/A | F19: =E19/D19 -> #N/A | G19: 1 | H19: =_xlfn.XLOOKUP(A19, 到门店!A:A, 到门店!B:B) -> #N/A | I19: =H19/G19 -> #N/A | J19: 7 | K19: 0 | L19: =_xlfn.XLOOKUP(A19, 到门店!A:A, 到门店!C:C) -> #N/A | M19: =L19/K19 -> #N/A | N19: 0 | O19: =_xlfn.XLOOKUP(A19, 到门店!A:A, 到门店!C:C) -> #N/A | P19: =O19/N19 -> #N/A | Q19: 3
A20: 曲靖市宣威市杜鹃花雕像文昌通讯合作店 | C20: 王瑜 | D20: 1 | E20: =_xlfn.XLOOKUP(A20, 到门店!A:A, 到门店!B:B) -> #N/A | F20: =E20/D20 -> #N/A | G20: 1 | H20: =_xlfn.XLOOKUP(A20, 到门店!A:A, 到门店!B:B) -> #N/A | I20: =H20/G20 -> #N/A | J20: 6 | K20: 1 | L20: =_xlfn.XLOOKUP(A20, 到门店!A:A, 到门店!C:C) -> #N/A | M20: =L20/K20 -> #N/A | N20: 1 | O20: =_xlfn.XLOOKUP(A20, 到门店!A:A, 到门店!C:C) -> #N/A | P20: =O20/N20 -> #N/A | Q20: 3
A21: 曲靖市宣威市交通门文昌通讯合作店 | C21: 王瑜 | D21: 1 | E21: =_xlfn.XLOOKUP(A21, 到门店!A:A, 到门店!B:B) -> #N/A | F21: =E21/D21 -> #N/A | G21: 1 | H21: =_xlfn.XLOOKUP(A21, 到门店!A:A, 到门店!B:B) -> #N/A | I21: =H21/G21 -> #N/A | J21: 4 | K21: 1 | L21: =_xlfn.XLOOKUP(A21, 到门店!A:A, 到门店!C:C) -> #N/A | M21: =L21/K21 -> #N/A | N21: 1 | O21: =_xlfn.XLOOKUP(A21, 到门店!A:A, 到门店!C:C) -> #N/A | P21: =O21/N21 -> #N/A | Q21: 3
A22: 华为授权服务中心（龙泽欣都） | C22: 王瑜 | D22: 0 | E22: =_xlfn.XLOOKUP(A22, 到门店!A:A, 到门店!B:B) -> #N/A | F22: =E22/D22 -> #N/A | G22: 1 | H22: =_xlfn.XLOOKUP(A22, 到门店!A:A, 到门店!B:B) -> #N/A | I22: =H22/G22 -> #N/A | J22: 3 | K22: 0 | L22: =_xlfn.XLOOKUP(A22, 到门店!A:A, 到门店!C:C) -> #N/A | M22: =L22/K22 -> #N/A | N22: 1 | O22: =_xlfn.XLOOKUP(A22, 到门店!A:A, 到门店!C:C) -> #N/A | P22: =O22/N22 -> #N/A | Q22: 4
A23: 合计 | D23: =SUM(D14:D22) -> 14 | E23: =SUM(E14:E22) -> #N/A | F23: =E23/D23 -> #N/A | G23: =SUM(G14:G22) -> 32 | H23: =SUM(H14:H22) -> #N/A | I23: =H23/G23 -> #N/A | J23: =SUM(J14:J22) -> 166 | K23: =SUM(K14:K22) -> 8 | L23: =SUM(L14:L22) -> #N/A | M23: =L23/K23 -> #N/A | N23: =SUM(N14:N22) -> 17 | O23: =SUM(O14:O22) -> #N/A | P23: =O23/N23 -> #N/A | Q23: =SUM(Q14:Q22) -> 97

Sheet Sheet2
A1: z

Sheet Sheet3
